"id","first_name","middle_name","last_name","state_id","gender"
30001,John,A,Smith,4600803412,Male
30002,Emma,B,Johnson,1456879011,Female
30003,David,C,Williams,2071377587,Male
30004,Olivia,D,Brown,7379589749,Female
30005,James,E,Jones,2675592249,Male
30006,Ava,F,Davis,4840540822,Female
30007,Michael,G,Miller,8493813703,Male
30008,Sophia,H,Wilson,6447702403,Female
30009,Daniel,I,Moore,6455860236,Male
30010,Emily,J,Anderson,3619264803,Female
30011,Matthew,K,Jackson,8952496177,Male
30012,Abigail,L,White,5458906723,Female
30013,Christopher,M,Harris,6102660694,Male
30014,Mia,N,Martin,3462349112,Female
30015,Andrew,O,Thompson,8518733334,Male
30016,Ella,P,Garcia,7143533370,Female
30017,Joshua,Q,Martinez,6437924087,Male
30018,Grace,R,Robinson,5277152993,Female
30019,Nicholas,S,Clark,8090676540,Male
30020,Lily,T,Lewis,7943161644,Female
30021,Ethan,U,Lee,9950784126,Male
30022,Chloe,V,Walker,4759779493,Female
30023,William,W,Hall,9446736712,Male
30024,Madison,X,Young,6250300366,Female
30025,Alexander,Y,Hill,5656744173,Male
30026,Avery,Z,Allen,5232617184,Female
30027,Henry,"",King,4934995951,Male
30028,Scarlett,"",Wright,6521282311,Female
30029,Sebastian,"",Turner,6771570614,Male
30030,Zoe,"",Cooper,8676709704,Female
30031,Gabriel,"",Ward,6070845933,Male
30032,Hannah,"",Evans,9499644525,Female
30033,Carter,"",Green,5881219842,Male
30034,Sofia,"",Baker,3810797684,Female
30035,Ryan,"",Harrison,4373026476,Male
30036,Evelyn,"",Fisher,1749881433,Female
30037,Nathan,"",Morgan,4988408086,Male
30038,Aria,"",Harrison,5399255852,Female
30039,Logan,"",Burns,8043742433,Male
30040,Grace,"",Sullivan,6720531454,Female
30041,Dylan,"",Fletcher,9826674030,Male
30042,Stella,"",Dixon,1948625078,Female
30043,Caleb,"",Gibson,4472565723,Male
30044,Aurora,"",Berry,8543591776,Female
30045,Owen,"",Webb,3212620663,Male
30046,Nora,"",Murray,2406301233,Female
30047,Luke,"",Dean,3274117150,Male
30048,Leah,"",Grant,6540720084,Female
30049,Isaac,"",Ferguson,4796460018,Male
30050,Hazel,"",Perkins,3160679363,Female
30051,Samuel,"",Hudson,1392418429,Male
30052,Ruby,"",Fowler,6564621337,Female
30053,Elijah,"",Gordon,2038578612,Male
30054,Aria,"",Fleming,7486459332,Female
30055,Isaiah,"",Fitzgerald,9225519842,Male
30056,Lucy,"",Woods,8885456569,Female
30057,Liam,"",Carr,8301845771,Male
30058,Aaliyah,"",Page,9490404246,Female
30059,Jackson,"",Walters,3467859112,Male
30060,Zara,"",Hart,2530926523,Female
30061,Cameron,"",Morrison,8818534908,Male
30062,Penelope,"",Simmons,2093381827,Female
30063,Evan,"",Frost,5360997461,Male
30064,Brooklyn,"",Holmes,8860893535,Female
30065,Mason,"",Dunn,4245589021,Male
30066,Hailey,"",Sharp,9099666057,Female
30067,Jayden,"",Roberts,6723871893,Male
30068,Natalie,"",Newton,1333582184,Female
30069,Adrian,"",Hunt,8733859906,Male
30070,Maria,"",Barnes,2833363698,Female
30071,Isaiah,"",Hawkins,4184195385,Male
30072,Amelia,"",Wheeler,1883012108,Female
30073,Jordan,"",Reyes,6669006338,Male
30074,Luna,"",Harvey,4674396453,Female
30075,Aaron,"",Warren,7735719423,Male
30076,Harper,"",Spencer,5611629008,Female
30077,Nicholas,"",Hansen,7887015329,Male
30078,Elena,"",Reid,4795783748,Female
30079,David,"",Fields,7903537097,Male
30080,Valentina,"",Morrison,7125039757,Female
30081,Christian,"",Pierce,2968841241,Male
30082,Cora,"",Perez,1233039492,Female
30083,Levi,"",Bishop,2076238787,Male
30084,Alice,"",Sandoval,9157235133,Female
30085,Jonathan,"",Bryant,2483963107,Male
30086,Lillian,"",Holcomb,7686777916,Female
30087,Cooper,"",Mendez,9932507428,Male
30088,Zara,"",Hardy,7625449056,Female
30089,Julian,"",Rice,1599200454,Male
30090,Violet,"",Wall,5223138515,Female
30091,Eli,"",Larson,1552485460,Male
30092,Allison,"",Saunders,4738051134,Female
30093,Wyatt,"",Barr,2925227274,Male
30094,Hannah,"",Collins,2037672059,Female
30095,Leo,"",Henderson,5610135102,Male
30096,Mila,"",Delgado,6741881732,Female
30097,Seth,"",Harrington,6126975499,Male
30098,Caroline,"",Key,3341522236,Female
30099,Ezra,"",Neal,9537393306,Male
30100,Aubrey,"",Kramer,7202606933,Female
30101,Parker,"",Bass,4802637162,Male
30102,Layla,"",Black,8743308151,Female
30103,Jaxon,"",Santos,4934688325,Male
30104,Avery,"",Guzman,7570261492,Female
30105,Kayden,"",Thornton,8514947688,Male
30106,Gianna,"",Snyder,5785024069,Female
30107,Max,"",Brady,5128157847,Male
30108,Vivian,"",Perry,7839696722,Female
